row_id,pred_total_volume_m3,pred_chilled_volume_m3
W0000,520.934,187.665
W0001,79.972,0.0
W0002,21.838,0.0
W0003,988.574,368.851
W0004,140.393,0.0
W0005,36.467,0.0
W0006,604.041,220.797
W0007,106.579,0.0
W0008,25.272,0.0
W0009,1154.557,425.493
W0010,207.726,0.0
W0011,36.462,0.0
W0012,437.863,160.34
W0013,64.546,0.0
W0014,26.861,0.0
W0015,840.704,309.145
W0016,126.84,0.0
W0017,21.081,0.0
W0018,513.89,188.73
W0019,77.835,0.0
W0020,25.239,0.0
W0021,969.569,359.284
W0022,140.271,0.0
W0023,38.545,0.0
W0024,450.197,163.074
W0025,59.56,0.0
W0026,16.448,0.0
W0027,884.773,332.507
W0028,115.995,0.0
W0029,35.664,0.0
W0030,525.099,192.96
W0031,78.79,0.0
W0032,20.255,0.0
W0033,969.481,362.145
W0034,135.542,0.0
W0035,30.459,0.0
W0036,517.449,191.149
W0037,77.697,0.0
W0038,14.491,0.0
W0039,978.896,366.315
W0040,137.607,0.0
W0041,26.28,0.0
W0042,520.843,191.144
W0043,77.34,0.0
W0044,20.822,0.0
W0045,1022.469,380.096
W0046,135.107,0.0
W0047,27.586,0.0
W0048,517.975,190.716
W0049,80.586,0.0
W0050,28.06,0.0
W0051,977.894,364.422
W0052,138.632,0.0
W0053,26.892,0.0
W0054,507.51,186.707
W0055,76.66,0.0
W0056,22.463,0.0
W0057,965.563,361.348
W0058,134.83,0.0
W0059,33.365,0.0
